<?xml version="1.0"?>
<pagescount>
	<html_total>1</html_total>
	<html_done>1</html_done>
	<images>10</images>
	<script>5</script>
	<css>3</css>
	<pdf/>
	<documents/>
	<excel/>
	<powerpoint/>
	<flash/>
	<audios/>
	<videos/>
	<xml/>
	<json/>
	<txt/>
	<autocad/>
	<fonts>15</fonts>
	<scraping_reload>1</scraping_reload>
	<is_pretty_url>false</is_pretty_url>
	<is_ebn>false</is_ebn>
	<email>ytp7151@gmail.com</email>
	<theme_name>WmdTheme587954</theme_name>
	<server_url_front_page>https://www6.waybackmachinedownloader.com/wdo/files/demo/KurrXd_Store.com_ytp7151_gmail.com_1ip1ibwndo/</server_url_front_page>
	<no_www_url>KurrXd_Store.com</no_www_url>
	<hosted_domain/>
	<original_archive_url>https://www.KurrXd_Store.com/home/</original_archive_url>
	<final_archive_url>https://www.KurrXd_Store.com/home/</final_archive_url>
	<front_page_code_date/>
	<total_urls_from_api/>
	<max_reached_live>false</max_reached_live>
	<scrape_other_captures>false</scrape_other_captures>
	<total_size>8056</total_size>
</pagescount>
